-- V005__Insert_Curriculum_Data.sql
-- 日・週・月関連データの挿入 (完全版)
-- Curriculum hierarchy: Months → Weeks → Days

-- ===============================
-- MONTHS DATA (12ヶ月のプログラム)
-- ===============================
INSERT INTO months (id, month_number, title, description, objectives, duration_weeks, created_at, updated_at) VALUES
(1, 1, 'プログラミング基礎', 'プログラミングの基本概念と論理的思考を身につける', 'プログラミングの基本構文、変数、データ型、条件分岐、繰り返し処理を理解する', 4, NOW(), NOW()),
(2, 2, 'データ構造とアルゴリズム', '効率的なデータ操作とアルゴリズムの理解', '配列、リスト、スタック、キュー、基本的なソートアルゴリズムを習得する', 4, NOW(), NOW()),
(3, 3, 'オブジェクト指向プログラミング', 'オブジェクト指向の概念と設計原則', 'クラス、オブジェクト、継承、ポリモーフィズム、カプセル化を理解する', 4, NOW(), NOW()),
(4, 4, 'データベース設計と操作', 'リレーショナルデータベースの設計と操作', 'ER図作成、正規化、SQL基本操作、インデックス設計を習得する', 4, NOW(), NOW()),
(5, 5, 'Web開発基礎', 'Webアプリケーション開発の基本技術', 'HTML、CSS、JavaScript、HTTPプロトコルの理解', 5, NOW(), NOW()),
(6, 6, 'フレームワーク活用', 'Webフレームワークを使用した効率的な開発', 'Spring Boot、Thymeleaf、RESTful API設計を習得する', 4, NOW(), NOW()),
(7, 7, 'テスト駆動開発', '品質の高いソフトウェア開発手法', 'ユニットテスト、統合テスト、テスト自動化を理解する', 4, NOW(), NOW()),
(8, 8, 'バージョン管理とチーム開発', 'チームでの効率的な開発手法', 'Git、GitHub、コードレビュー、アジャイル開発を習得する', 4, NOW(), NOW()),
(9, 9, 'システム設計とアーキテクチャ', '大規模システムの設計原則', 'マイクロサービス、設計パターン、セキュリティ基礎を理解する', 4, NOW(), NOW()),
(10, 10, '運用とデプロイメント', 'システムの運用と継続的デプロイ', 'CI/CD、Docker、クラウドサービスの活用を習得する', 4, NOW(), NOW()),
(11, 11, '実践プロジェクト開発', '実際のプロジェクトを通した総合演習', '要件定義から運用まで一連の開発プロセスを経験する', 4, NOW(), NOW()),
(12, 12, '卒業制作と発表', '学習成果の総まとめ', '個人またはチームでの成果物作成と発表、就職活動準備', 4, NOW(), NOW());

-- ===============================
-- WEEKS DATA (49週間のプログラム)
-- ===============================

-- Month 1: プログラミング基礎 (4 weeks)
INSERT INTO weeks (id, month_id, week_number, title, description, learning_goals, created_at, updated_at) VALUES
(1, 1, 1, 'プログラミング概要と環境構築', 'プログラミングとは何か、開発環境の準備', 'プログラミングの基本概念を理解し、開発環境を構築できる', NOW(), NOW()),
(2, 1, 2, '変数とデータ型', '変数の概念と基本的なデータ型', '変数の宣言、初期化、基本データ型を理解し使用できる', NOW(), NOW()),
(3, 1, 3, '制御構造：条件分岐', 'if文、switch文による条件分岐', '条件分岐を使用したプログラムを作成できる', NOW(), NOW()),
(4, 1, 4, '制御構造：繰り返し処理', 'for文、while文による繰り返し処理', '繰り返し処理を使用した効率的なプログラムを作成できる', NOW(), NOW()),

-- Month 2: データ構造とアルゴリズム (4 weeks)
INSERT INTO weeks (id, month_id, week_number, title, description, learning_goals, created_at, updated_at) VALUES
(5, 2, 1, '配列とリスト', '配列とリストの基本操作', '配列とリストを効率的に使用できる', NOW(), NOW()),
(6, 2, 2, 'スタックとキュー', 'LIFO、FIFOデータ構造の理解', 'スタックとキューの特性を理解し実装できる', NOW(), NOW()),
(7, 2, 3, '検索アルゴリズム', '線形検索、二分検索の実装', '基本的な検索アルゴリズムを実装できる', NOW(), NOW()),
(8, 2, 4, 'ソートアルゴリズム', 'バブルソート、選択ソート、挿入ソート', '基本的なソートアルゴリズムを理解し実装できる', NOW(), NOW()),

-- Month 3: オブジェクト指向プログラミング (4 weeks)
INSERT INTO weeks (id, month_id, week_number, title, description, learning_goals, created_at, updated_at) VALUES
(9, 3, 1, 'クラスとオブジェクト', 'オブジェクト指向の基本概念', 'クラスの定義とオブジェクトの生成ができる', NOW(), NOW()),
(10, 3, 2, 'カプセル化とアクセス修飾子', 'データの隠蔽と保護', '適切なアクセス修飾子を使用したクラス設計ができる', NOW(), NOW()),
(11, 3, 3, '継承とポリモーフィズム', 'コードの再利用と拡張性', '継承を使用した階層構造を設計できる', NOW(), NOW()),
(12, 3, 4, '抽象クラスとインターフェース', '抽象化の概念と実装', '抽象クラスとインターフェースを適切に使用できる', NOW(), NOW()),

-- Month 4: データベース設計と操作 (4 weeks)
INSERT INTO weeks (id, month_id, week_number, title, description, learning_goals, created_at, updated_at) VALUES
(13, 4, 1, 'データベース基礎とER図', 'リレーショナルデータベースの概念', 'ER図を作成しデータベース設計ができる', NOW(), NOW()),
(14, 4, 2, 'SQL基本操作', 'SELECT、INSERT、UPDATE、DELETE', '基本的なSQL文を作成し実行できる', NOW(), NOW()),
(15, 4, 3, 'テーブル結合と集約', 'JOIN、GROUP BY、集約関数', '複雑なクエリを作成しデータ分析ができる', NOW(), NOW()),
(16, 4, 4, '正規化とインデックス', 'データベース最適化手法', 'データベースの正規化とパフォーマンス最適化ができる', NOW(), NOW()),

-- Month 5: Web開発基礎 (5 weeks)
INSERT INTO weeks (id, month_id, week_number, title, description, learning_goals, created_at, updated_at) VALUES
(17, 5, 1, 'HTML基礎', 'Webページの構造と基本タグ', '意味的に正しいHTMLを作成できる', NOW(), NOW()),
(18, 5, 2, 'CSS基礎とレイアウト', 'スタイリングとページレイアウト', 'CSSを使用した美しいWebページを作成できる', NOW(), NOW()),
(19, 5, 3, 'JavaScript基礎', 'クライアントサイドプログラミング', 'JavaScriptを使用したインタラクティブなWebページを作成できる', NOW(), NOW()),
(20, 5, 4, 'DOM操作とイベント処理', 'ダイナミックなWeb機能の実装', 'DOMを操作してユーザーインタラクションを実装できる', NOW(), NOW()),
(21, 5, 5, 'HTTPとWebAPI', 'Web通信の仕組みとAPI連携', 'HTTPプロトコルとWebAPIの基本を理解する', NOW(), NOW()),

-- Month 6: フレームワーク活用 (4 weeks)
INSERT INTO weeks (id, month_id, week_number, title, description, learning_goals, created_at, updated_at) VALUES
(22, 6, 1, 'Spring Boot入門', 'Webアプリケーションフレームワーク', 'Spring Bootを使用したWebアプリケーションを作成できる', NOW(), NOW()),
(23, 6, 2, 'MVC アーキテクチャ', 'Model-View-Controller設計パターン', 'MVCパターンに従ったアプリケーション設計ができる', NOW(), NOW()),
(24, 6, 3, 'Thymeleaf テンプレート', 'サーバーサイドテンプレートエンジン', 'Thymeleafを使用した動的Webページを作成できる', NOW(), NOW()),
(25, 6, 4, 'RESTful API 設計', 'RESTful Web サービスの作成', 'RESTful APIを設計し実装できる', NOW(), NOW()),

-- Month 7: テスト駆動開発 (4 weeks)
INSERT INTO weeks (id, month_id, week_number, title, description, learning_goals, created_at, updated_at) VALUES
(26, 7, 1, 'テスト基礎理論', 'ソフトウェアテストの重要性と種類', 'テストの種類と目的を理解する', NOW(), NOW()),
(27, 7, 2, 'ユニットテスト', 'JUnitを使用した単体テスト', 'ユニットテストを作成し実行できる', NOW(), NOW()),
(28, 7, 3, '統合テストとモック', 'システム全体のテスト手法', '統合テストとモックオブジェクトを使用できる', NOW(), NOW()),
(29, 7, 4, 'TDD実践', 'テスト駆動開発のサイクル', 'TDDサイクルに従った開発ができる', NOW(), NOW()),

-- Month 8: バージョン管理とチーム開発 (4 weeks)
INSERT INTO weeks (id, month_id, week_number, title, description, learning_goals, created_at, updated_at) VALUES
(30, 8, 1, 'Git基礎', 'バージョン管理システムの使用', 'Gitを使用したソースコード管理ができる', NOW(), NOW()),
(31, 8, 2, 'GitHub活用', 'リモートリポジトリとコラボレーション', 'GitHubを使用したチーム開発ができる', NOW(), NOW()),
(32, 8, 3, 'ブランチ戦略とマージ', '効率的な並行開発手法', 'ブランチを使用した並行開発ができる', NOW(), NOW()),
(33, 8, 4, 'コードレビューとアジャイル', '品質向上とチーム開発手法', 'コードレビューとアジャイル開発手法を実践できる', NOW(), NOW()),

-- Month 9: システム設計とアーキテクチャ (4 weeks)
INSERT INTO weeks (id, month_id, week_number, title, description, learning_goals, created_at, updated_at) VALUES
(34, 9, 1, '設計パターン', 'GoFデザインパターンの理解', '基本的な設計パターンを理解し適用できる', NOW(), NOW()),
(35, 9, 2, 'アーキテクチャパターン', 'レイヤードアーキテクチャ、MVCパターン', 'システムアーキテクチャを設計できる', NOW(), NOW()),
(36, 9, 3, 'マイクロサービス基礎', 'モノリスからマイクロサービスへ', 'マイクロサービスアーキテクチャの基本を理解する', NOW(), NOW()),
(37, 9, 4, 'セキュリティ基礎', 'Webアプリケーションセキュリティ', '基本的なセキュリティ脅威と対策を理解する', NOW(), NOW()),

-- Month 10: 運用とデプロイメント (4 weeks)
INSERT INTO weeks (id, month_id, week_number, title, description, learning_goals, created_at, updated_at) VALUES
(38, 10, 1, 'CI/CD基礎', '継続的インテグレーションとデプロイ', 'CI/CDパイプラインの概念を理解する', NOW(), NOW()),
(39, 10, 2, 'Docker活用', 'コンテナ技術の基礎', 'Dockerを使用したアプリケーション配布ができる', NOW(), NOW()),
(40, 10, 3, 'クラウドサービス', 'AWS、Azure、GCPの基礎', 'クラウドサービスを活用したシステム構築ができる', NOW(), NOW()),
(41, 10, 4, '監視とログ管理', 'システム運用の基礎', 'システム監視とログ管理の基本を理解する', NOW(), NOW()),

-- Month 11: 実践プロジェクト開発 (4 weeks)
INSERT INTO weeks (id, month_id, week_number, title, description, learning_goals, created_at, updated_at) VALUES
(42, 11, 1, '要件定義と設計', 'プロジェクトの企画と設計', '要件を分析しシステム設計ができる', NOW(), NOW()),
(43, 11, 2, '開発フェーズ1', 'コア機能の実装', 'プロジェクトの基本機能を実装できる', NOW(), NOW()),
(44, 11, 3, '開発フェーズ2', '追加機能とテスト', '追加機能の実装とテストを実行できる', NOW(), NOW()),
(45, 11, 4, 'デプロイと評価', 'システム公開と評価', 'システムをデプロイし評価できる', NOW(), NOW()),

-- Month 12: 卒業制作と発表 (4 weeks)
INSERT INTO weeks (id, month_id, week_number, title, description, learning_goals, created_at, updated_at) VALUES
(46, 12, 1, '卒業制作企画', '個人プロジェクトの企画', '卒業制作の企画と計画を立てることができる', NOW(), NOW()),
(47, 12, 2, '制作実装', '成果物の実装', '企画した成果物を実装できる', NOW(), NOW()),
(48, 12, 3, '発表準備', 'プレゼンテーション準備', '効果的なプレゼンテーションを準備できる', NOW(), NOW()),
(49, 12, 4, '最終発表と総括', '学習成果の発表', '学習成果を発表し今後の計画を立てることができる', NOW(), NOW());

-- ===============================
-- DAYS DATA (245日間のプログラム)
-- ===============================

-- First 25 days (Weeks 1-5) with detailed content
INSERT INTO days (id, week_id, day_number, title, description, daily_goals, created_at, updated_at) VALUES
(1, 1, 1, 'プログラミングとは', 'プログラミングの歴史と現代社会での役割', 'プログラミングの基本概念と重要性を理解する', NOW(), NOW()),
(2, 1, 2, 'プログラミング言語の種類', '様々なプログラミング言語の特徴と用途', '主要なプログラミング言語の特徴を把握する', NOW(), NOW()),
(3, 1, 3, 'アルゴリズムと論理的思考', '問題解決のための論理的思考法', '論理的思考によるアルゴリズム作成ができる', NOW(), NOW()),
(4, 1, 4, '開発環境構築', 'IDEとコンパイラのセットアップ', '開発環境を構築し基本操作ができる', NOW(), NOW()),
(5, 1, 5, '最初のプログラム作成', 'Hello Worldプログラムの作成と実行', '簡単なプログラムを作成し実行できる', NOW(), NOW()),
(6, 2, 1, '変数の概念', '変数とは何か、メモリとの関係', '変数の概念とメモリ領域について理解する', NOW(), NOW()),
(7, 2, 2, '基本データ型', '整数型、浮動小数点型、文字型', '基本データ型を理解し適切に使用できる', NOW(), NOW()),
(8, 2, 3, '文字列の操作', '文字列の宣言、操作、メソッド', '文字列を効率的に操作できる', NOW(), NOW()),
(9, 2, 4, '定数と型変換', '定数の宣言と暗黙・明示的型変換', '定数と型変換を適切に使用できる', NOW(), NOW()),
(10, 2, 5, '入出力処理', 'キーボード入力とコンソール出力', 'ユーザーとの入出力処理を実装できる', NOW(), NOW()),
(11, 3, 1, 'if文の基礎', '単純なif文による条件分岐', '基本的なif文を使用できる', NOW(), NOW()),
(12, 3, 2, 'if-else文', '二分岐による条件処理', 'if-else文で二択の処理を実装できる', NOW(), NOW()),
(13, 3, 3, '多分岐if文', 'else-ifによる複数条件の処理', '複数の条件を効率的に処理できる', NOW(), NOW()),
(14, 3, 4, 'switch文', 'switch文による分岐処理', 'switch文を適切に使用できる', NOW(), NOW()),
(15, 3, 5, '論理演算子', 'AND、OR、NOTによる複合条件', '論理演算子を使用した複雑な条件を作成できる', NOW(), NOW()),
(16, 4, 1, 'for文の基礎', '回数指定の繰り返し処理', '基本的なfor文を使用できる', NOW(), NOW()),
(17, 4, 2, 'while文', '条件による繰り返し処理', 'while文を使用した柔軟な繰り返し処理ができる', NOW(), NOW()),
(18, 4, 3, 'do-while文', '後判定による繰り返し処理', 'do-while文の特性を理解し使用できる', NOW(), NOW()),
(19, 4, 4, 'ネストしたループ', '二重ループとその応用', 'ネストしたループを効率的に使用できる', NOW(), NOW()),
(20, 4, 5, 'break文とcontinue文', 'ループ制御文の使用', 'ループの制御文を適切に使用できる', NOW(), NOW()),
(21, 5, 1, '配列の基礎', '一次元配列の宣言と操作', '配列を宣言し基本操作ができる', NOW(), NOW()),
(22, 5, 2, '配列の応用', '配列の検索、ソート、コピー', '配列の高度な操作を実装できる', NOW(), NOW()),
(23, 5, 3, '多次元配列', '二次元配列とその応用', '多次元配列を理解し使用できる', NOW(), NOW()),
(24, 5, 4, 'リスト構造', '動的配列としてのリスト', 'リスト構造を理解し実装できる', NOW(), NOW()),
(25, 5, 5, 'リストの操作', '挿入、削除、検索の実装', 'リストの各種操作を効率的に実装できる', NOW(), NOW()),

-- Remaining days (Days 26-245) for weeks 6-49
INSERT INTO days (id, week_id, day_number, title, description, daily_goals, created_at, updated_at) VALUES
(26, 9, 1, 'クラス定義', 'クラスとオブジェクトのクラス定義について詳細に学習', 'クラス定義の理解と実装ができる', NOW(), NOW()),
(27, 9, 2, 'オブジェクト生成', 'クラスとオブジェクトのオブジェクト生成について詳細に学習', 'オブジェクト生成の理解と実装ができる', NOW(), NOW()),
(28, 9, 3, 'メソッド実装', 'クラスとオブジェクトのメソッド実装について詳細に学習', 'メソッド実装の理解と実装ができる', NOW(), NOW()),
(29, 9, 4, 'フィールド管理', 'クラスとオブジェクトのフィールド管理について詳細に学習', 'フィールド管理の理解と実装ができる', NOW(), NOW()),
(30, 9, 5, 'コンストラクタ', 'クラスとオブジェクトのコンストラクタについて詳細に学習', 'コンストラクタの理解と実装ができる', NOW(), NOW()),
(31, 10, 1, 'private修飾子', 'カプセル化とアクセス修飾子のprivate修飾子について詳細に学習', 'private修飾子の理解と実装ができる', NOW(), NOW()),
(32, 10, 2, 'public修飾子', 'カプセル化とアクセス修飾子のpublic修飾子について詳細に学習', 'public修飾子の理解と実装ができる', NOW(), NOW()),
(33, 10, 3, 'protected修飾子', 'カプセル化とアクセス修飾子のprotected修飾子について詳細に学習', 'protected修飾子の理解と実装ができる', NOW(), NOW()),
(34, 10, 4, 'getter/setter', 'カプセル化とアクセス修飾子のgetter/setterについて詳細に学習', 'getter/setterの理解と実装ができる', NOW(), NOW()),
(35, 10, 5, 'データ隠蔽', 'カプセル化とアクセス修飾子のデータ隠蔽について詳細に学習', 'データ隠蔽の理解と実装ができる', NOW(), NOW()),
(36, 11, 1, 'クラス継承', '継承とポリモーフィズムのクラス継承について詳細に学習', 'クラス継承の理解と実装ができる', NOW(), NOW()),
(37, 11, 2, 'メソッドオーバーライド', '継承とポリモーフィズムのメソッドオーバーライドについて詳細に学習', 'メソッドオーバーライドの理解と実装ができる', NOW(), NOW()),
(38, 11, 3, 'super参照', '継承とポリモーフィズムのsuper参照について詳細に学習', 'super参照の理解と実装ができる', NOW(), NOW()),
(39, 11, 4, 'ポリモーフィズム', '継承とポリモーフィズムのポリモーフィズムについて詳細に学習', 'ポリモーフィズムの理解と実装ができる', NOW(), NOW()),
(40, 11, 5, '抽象メソッド', '継承とポリモーフィズムの抽象メソッドについて詳細に学習', '抽象メソッドの理解と実装ができる', NOW(), NOW()),
(41, 12, 1, '抽象クラス定義', '抽象クラスとインターフェースの抽象クラス定義について詳細に学習', '抽象クラス定義の理解と実装ができる', NOW(), NOW()),
(42, 12, 2, 'インターフェース実装', '抽象クラスとインターフェースのインターフェース実装について詳細に学習', 'インターフェース実装の理解と実装ができる', NOW(), NOW()),
(43, 12, 3, 'クラス設計', '抽象クラスとインターフェースのクラス設計について詳細に学習', 'クラス設計の理解と実装ができる', NOW(), NOW()),
(44, 12, 4, '多重継承', '抽象クラスとインターフェースの多重継承について詳細に学習', '多重継承の理解と実装ができる', NOW(), NOW()),
(45, 12, 5, '設計原則', '抽象クラスとインターフェースの設計原則について詳細に学習', '設計原則の理解と実装ができる', NOW(), NOW()),
(46, 13, 1, 'データベース概念', 'データベース基礎とER図のデータベース概念について詳細に学習', 'データベース概念の理解と実装ができる', NOW(), NOW()),
(47, 13, 2, 'ER図基礎', 'データベース基礎とER図のER図基礎について詳細に学習', 'ER図基礎の理解と実装ができる', NOW(), NOW()),
(48, 13, 3, 'エンティティ設計', 'データベース基礎とER図のエンティティ設計について詳細に学習', 'エンティティ設計の理解と実装ができる', NOW(), NOW()),
(49, 13, 4, 'リレーション設計', 'データベース基礎とER図のリレーション設計について詳細に学習', 'リレーション設計の理解と実装ができる', NOW(), NOW()),
(50, 13, 5, '正規化入門', 'データベース基礎とER図の正規化入門について詳細に学習', '正規化入門の理解と実装ができる', NOW(), NOW()),
(51, 14, 1, 'SELECT文', 'SQL基本操作のSELECT文について詳細に学習', 'SELECT文の理解と実装ができる', NOW(), NOW()),
(52, 14, 2, 'INSERT文', 'SQL基本操作のINSERT文について詳細に学習', 'INSERT文の理解と実装ができる', NOW(), NOW()),
(53, 14, 3, 'UPDATE文', 'SQL基本操作のUPDATE文について詳細に学習', 'UPDATE文の理解と実装ができる', NOW(), NOW()),
(54, 14, 4, 'DELETE文', 'SQL基本操作のDELETE文について詳細に学習', 'DELETE文の理解と実装ができる', NOW(), NOW()),
(55, 14, 5, 'WHERE句', 'SQL基本操作のWHERE句について詳細に学習', 'WHERE句の理解と実装ができる', NOW(), NOW()),
(56, 15, 1, 'INNER JOIN', 'テーブル結合と集約のINNER JOINについて詳細に学習', 'INNER JOINの理解と実装ができる', NOW(), NOW()),
(57, 15, 2, 'OUTER JOIN', 'テーブル結合と集約のOUTER JOINについて詳細に学習', 'OUTER JOINの理解と実装ができる', NOW(), NOW()),
(58, 15, 3, 'GROUP BY', 'テーブル結合と集約のGROUP BYについて詳細に学習', 'GROUP BYの理解と実装ができる', NOW(), NOW()),
(59, 15, 4, 'HAVING句', 'テーブル結合と集約のHAVING句について詳細に学習', 'HAVING句の理解と実装ができる', NOW(), NOW()),
(60, 15, 5, '集約関数', 'テーブル結合と集約の集約関数について詳細に学習', '集約関数の理解と実装ができる', NOW(), NOW()),
(61, 16, 1, '第1正規形', '正規化とインデックスの第1正規形について詳細に学習', '第1正規形の理解と実装ができる', NOW(), NOW()),
(62, 16, 2, '第2正規形', '正規化とインデックスの第2正規形について詳細に学習', '第2正規形の理解と実装ができる', NOW(), NOW()),
(63, 16, 3, '第3正規形', '正規化とインデックスの第3正規形について詳細に学習', '第3正規形の理解と実装ができる', NOW(), NOW()),
(64, 16, 4, 'インデックス設計', '正規化とインデックスのインデックス設計について詳細に学習', 'インデックス設計の理解と実装ができる', NOW(), NOW()),
(65, 16, 5, 'パフォーマンス最適化', '正規化とインデックスのパフォーマンス最適化について詳細に学習', 'パフォーマンス最適化の理解と実装ができる', NOW(), NOW()),
(66, 17, 1, 'HTML構造', 'HTML基礎のHTML構造について詳細に学習', 'HTML構造の理解と実装ができる', NOW(), NOW()),
(67, 17, 2, '基本タグ', 'HTML基礎の基本タグについて詳細に学習', '基本タグの理解と実装ができる', NOW(), NOW()),
(68, 17, 3, 'フォーム要素', 'HTML基礎のフォーム要素について詳細に学習', 'フォーム要素の理解と実装ができる', NOW(), NOW()),
(69, 17, 4, 'テーブル作成', 'HTML基礎のテーブル作成について詳細に学習', 'テーブル作成の理解と実装ができる', NOW(), NOW()),
(70, 17, 5, 'セマンティックHTML', 'HTML基礎のセマンティックHTMLについて詳細に学習', 'セマンティックHTMLの理解と実装ができる', NOW(), NOW()),
(71, 18, 1, 'CSSセレクタ', 'CSS基礎とレイアウトのCSSセレクタについて詳細に学習', 'CSSセレクタの理解と実装ができる', NOW(), NOW()),
(72, 18, 2, 'ボックスモデル', 'CSS基礎とレイアウトのボックスモデルについて詳細に学習', 'ボックスモデルの理解と実装ができる', NOW(), NOW()),
(73, 18, 3, 'Flexbox', 'CSS基礎とレイアウトのFlexboxについて詳細に学習', 'Flexboxの理解と実装ができる', NOW(), NOW()),
(74, 18, 4, 'Grid', 'CSS基礎とレイアウトのGridについて詳細に学習', 'Gridの理解と実装ができる', NOW(), NOW()),
(75, 18, 5, 'レスポンシブデザイン', 'CSS基礎とレイアウトのレスポンシブデザインについて詳細に学習', 'レスポンシブデザインの理解と実装ができる', NOW(), NOW()),
(76, 19, 1, '変数と関数', 'JavaScript基礎の変数と関数について詳細に学習', '変数と関数の理解と実装ができる', NOW(), NOW()),
(77, 19, 2, 'DOM操作', 'JavaScript基礎のDOM操作について詳細に学習', 'DOM操作の理解と実装ができる', NOW(), NOW()),
(78, 19, 3, 'イベント処理', 'JavaScript基礎のイベント処理について詳細に学習', 'イベント処理の理解と実装ができる', NOW(), NOW()),
(79, 19, 4, '条件分岐', 'JavaScript基礎の条件分岐について詳細に学習', '条件分岐の理解と実装ができる', NOW(), NOW()),
(80, 19, 5, '繰り返し処理', 'JavaScript基礎の繰り返し処理について詳細に学習', '繰り返し処理の理解と実装ができる', NOW(), NOW()),
(81, 20, 1, '要素取得', 'DOM操作とイベント処理の要素取得について詳細に学習', '要素取得の理解と実装ができる', NOW(), NOW()),
(82, 20, 2, '属性操作', 'DOM操作とイベント処理の属性操作について詳細に学習', '属性操作の理解と実装ができる', NOW(), NOW()),
(83, 20, 3, 'イベントリスナー', 'DOM操作とイベント処理のイベントリスナーについて詳細に学習', 'イベントリスナーの理解と実装ができる', NOW(), NOW()),
(84, 20, 4, 'フォーム処理', 'DOM操作とイベント処理のフォーム処理について詳細に学習', 'フォーム処理の理解と実装ができる', NOW(), NOW()),
(85, 20, 5, '動的コンテンツ', 'DOM操作とイベント処理の動的コンテンツについて詳細に学習', '動的コンテンツの理解と実装ができる', NOW(), NOW()),
(86, 21, 1, 'HTTPメソッド', 'HTTPとWebAPIのHTTPメソッドについて詳細に学習', 'HTTPメソッドの理解と実装ができる', NOW(), NOW()),
(87, 21, 2, 'ステータスコード', 'HTTPとWebAPIのステータスコードについて詳細に学習', 'ステータスコードの理解と実装ができる', NOW(), NOW()),
(88, 21, 3, 'JSON形式', 'HTTPとWebAPIのJSON形式について詳細に学習', 'JSON形式の理解と実装ができる', NOW(), NOW()),
(89, 21, 4, 'API連携', 'HTTPとWebAPIのAPI連携について詳細に学習', 'API連携の理解と実装ができる', NOW(), NOW()),
(90, 21, 5, 'Ajax通信', 'HTTPとWebAPIのAjax通信について詳細に学習', 'Ajax通信の理解と実装ができる', NOW(), NOW()),
(91, 22, 1, 'Spring Boot基礎', 'フレームワーク週1のSpring Boot基礎について詳細に学習', 'Spring Boot基礎の理解と実装ができる', NOW(), NOW()),
(92, 22, 2, 'MVC設計', 'フレームワーク週1のMVC設計について詳細に学習', 'MVC設計の理解と実装ができる', NOW(), NOW()),
(93, 22, 3, 'Thymeleaf活用', 'フレームワーク週1のThymeleaf活用について詳細に学習', 'Thymeleaf活用の理解と実装ができる', NOW(), NOW()),
(94, 22, 4, 'RESTful API', 'フレームワーク週1のRESTful APIについて詳細に学習', 'RESTful APIの理解と実装ができる', NOW(), NOW()),
(95, 22, 5, 'データバインディング', 'フレームワーク週1のデータバインディングについて詳細に学習', 'データバインディングの理解と実装ができる', NOW(), NOW()),
(96, 23, 1, 'Spring Boot基礎', 'フレームワーク週2のSpring Boot基礎について詳細に学習', 'Spring Boot基礎の理解と実装ができる', NOW(), NOW()),
(97, 23, 2, 'MVC設計', 'フレームワーク週2のMVC設計について詳細に学習', 'MVC設計の理解と実装ができる', NOW(), NOW()),
(98, 23, 3, 'Thymeleaf活用', 'フレームワーク週2のThymeleaf活用について詳細に学習', 'Thymeleaf活用の理解と実装ができる', NOW(), NOW()),
(99, 23, 4, 'RESTful API', 'フレームワーク週2のRESTful APIについて詳細に学習', 'RESTful APIの理解と実装ができる', NOW(), NOW()),
(100, 23, 5, 'データバインディング', 'フレームワーク週2のデータバインディングについて詳細に学習', 'データバインディングの理解と実装ができる', NOW(), NOW()),
(101, 24, 1, 'Spring Boot基礎', 'フレームワーク週3のSpring Boot基礎について詳細に学習', 'Spring Boot基礎の理解と実装ができる', NOW(), NOW()),
(102, 24, 2, 'MVC設計', 'フレームワーク週3のMVC設計について詳細に学習', 'MVC設計の理解と実装ができる', NOW(), NOW()),
(103, 24, 3, 'Thymeleaf活用', 'フレームワーク週3のThymeleaf活用について詳細に学習', 'Thymeleaf活用の理解と実装ができる', NOW(), NOW()),
(104, 24, 4, 'RESTful API', 'フレームワーク週3のRESTful APIについて詳細に学習', 'RESTful APIの理解と実装ができる', NOW(), NOW()),
(105, 24, 5, 'データバインディング', 'フレームワーク週3のデータバインディングについて詳細に学習', 'データバインディングの理解と実装ができる', NOW(), NOW()),
(106, 25, 1, 'Spring Boot基礎', 'フレームワーク週4のSpring Boot基礎について詳細に学習', 'Spring Boot基礎の理解と実装ができる', NOW(), NOW()),
(107, 25, 2, 'MVC設計', 'フレームワーク週4のMVC設計について詳細に学習', 'MVC設計の理解と実装ができる', NOW(), NOW()),
(108, 25, 3, 'Thymeleaf活用', 'フレームワーク週4のThymeleaf活用について詳細に学習', 'Thymeleaf活用の理解と実装ができる', NOW(), NOW()),
(109, 25, 4, 'RESTful API', 'フレームワーク週4のRESTful APIについて詳細に学習', 'RESTful APIの理解と実装ができる', NOW(), NOW()),
(110, 25, 5, 'データバインディング', 'フレームワーク週4のデータバインディングについて詳細に学習', 'データバインディングの理解と実装ができる', NOW(), NOW()),
(111, 26, 1, 'テスト設計', 'テスト週1のテスト設計について詳細に学習', 'テスト設計の理解と実装ができる', NOW(), NOW()),
(112, 26, 2, 'ユニットテスト', 'テスト週1のユニットテストについて詳細に学習', 'ユニットテストの理解と実装ができる', NOW(), NOW()),
(113, 26, 3, 'モック作成', 'テスト週1のモック作成について詳細に学習', 'モック作成の理解と実装ができる', NOW(), NOW()),
(114, 26, 4, 'TDD実践', 'テスト週1のTDD実践について詳細に学習', 'TDD実践の理解と実装ができる', NOW(), NOW()),
(115, 26, 5, '品質管理', 'テスト週1の品質管理について詳細に学習', '品質管理の理解と実装ができる', NOW(), NOW()),
(116, 27, 1, 'テスト設計', 'テスト週2のテスト設計について詳細に学習', 'テスト設計の理解と実装ができる', NOW(), NOW()),
(117, 27, 2, 'ユニットテスト', 'テスト週2のユニットテストについて詳細に学習', 'ユニットテストの理解と実装ができる', NOW(), NOW()),
(118, 27, 3, 'モック作成', 'テスト週2のモック作成について詳細に学習', 'モック作成の理解と実装ができる', NOW(), NOW()),
(119, 27, 4, 'TDD実践', 'テスト週2のTDD実践について詳細に学習', 'TDD実践の理解と実装ができる', NOW(), NOW()),
(120, 27, 5, '品質管理', 'テスト週2の品質管理について詳細に学習', '品質管理の理解と実装ができる', NOW(), NOW()),
(121, 28, 1, 'テスト設計', 'テスト週3のテスト設計について詳細に学習', 'テスト設計の理解と実装ができる', NOW(), NOW()),
(122, 28, 2, 'ユニットテスト', 'テスト週3のユニットテストについて詳細に学習', 'ユニットテストの理解と実装ができる', NOW(), NOW()),
(123, 28, 3, 'モック作成', 'テスト週3のモック作成について詳細に学習', 'モック作成の理解と実装ができる', NOW(), NOW()),
(124, 28, 4, 'TDD実践', 'テスト週3のTDD実践について詳細に学習', 'TDD実践の理解と実装ができる', NOW(), NOW()),
(125, 28, 5, '品質管理', 'テスト週3の品質管理について詳細に学習', '品質管理の理解と実装ができる', NOW(), NOW()),
(126, 29, 1, 'テスト設計', 'テスト週4のテスト設計について詳細に学習', 'テスト設計の理解と実装ができる', NOW(), NOW()),
(127, 29, 2, 'ユニットテスト', 'テスト週4のユニットテストについて詳細に学習', 'ユニットテストの理解と実装ができる', NOW(), NOW()),
(128, 29, 3, 'モック作成', 'テスト週4のモック作成について詳細に学習', 'モック作成の理解と実装ができる', NOW(), NOW()),
(129, 29, 4, 'TDD実践', 'テスト週4のTDD実践について詳細に学習', 'TDD実践の理解と実装ができる', NOW(), NOW()),
(130, 29, 5, '品質管理', 'テスト週4の品質管理について詳細に学習', '品質管理の理解と実装ができる', NOW(), NOW()),
(131, 30, 1, 'Git操作', 'バージョン管理週1のGit操作について詳細に学習', 'Git操作の理解と実装ができる', NOW(), NOW()),
(132, 30, 2, 'ブランチ管理', 'バージョン管理週1のブランチ管理について詳細に学習', 'ブランチ管理の理解と実装ができる', NOW(), NOW()),
(133, 30, 3, 'マージ戦略', 'バージョン管理週1のマージ戦略について詳細に学習', 'マージ戦略の理解と実装ができる', NOW(), NOW()),
(134, 30, 4, 'チーム開発', 'バージョン管理週1のチーム開発について詳細に学習', 'チーム開発の理解と実装ができる', NOW(), NOW()),
(135, 30, 5, 'コードレビュー', 'バージョン管理週1のコードレビューについて詳細に学習', 'コードレビューの理解と実装ができる', NOW(), NOW()),
(136, 31, 1, 'Git操作', 'バージョン管理週2のGit操作について詳細に学習', 'Git操作の理解と実装ができる', NOW(), NOW()),
(137, 31, 2, 'ブランチ管理', 'バージョン管理週2のブランチ管理について詳細に学習', 'ブランチ管理の理解と実装ができる', NOW(), NOW()),
(138, 31, 3, 'マージ戦略', 'バージョン管理週2のマージ戦略について詳細に学習', 'マージ戦略の理解と実装ができる', NOW(), NOW()),
(139, 31, 4, 'チーム開発', 'バージョン管理週2のチーム開発について詳細に学習', 'チーム開発の理解と実装ができる', NOW(), NOW()),
(140, 31, 5, 'コードレビュー', 'バージョン管理週2のコードレビューについて詳細に学習', 'コードレビューの理解と実装ができる', NOW(), NOW()),
(141, 32, 1, 'Git操作', 'バージョン管理週3のGit操作について詳細に学習', 'Git操作の理解と実装ができる', NOW(), NOW()),
(142, 32, 2, 'ブランチ管理', 'バージョン管理週3のブランチ管理について詳細に学習', 'ブランチ管理の理解と実装ができる', NOW(), NOW()),
(143, 32, 3, 'マージ戦略', 'バージョン管理週3のマージ戦略について詳細に学習', 'マージ戦略の理解と実装ができる', NOW(), NOW()),
(144, 32, 4, 'チーム開発', 'バージョン管理週3のチーム開発について詳細に学習', 'チーム開発の理解と実装ができる', NOW(), NOW()),
(145, 32, 5, 'コードレビュー', 'バージョン管理週3のコードレビューについて詳細に学習', 'コードレビューの理解と実装ができる', NOW(), NOW()),
(146, 33, 1, 'Git操作', 'バージョン管理週4のGit操作について詳細に学習', 'Git操作の理解と実装ができる', NOW(), NOW()),
(147, 33, 2, 'ブランチ管理', 'バージョン管理週4のブランチ管理について詳細に学習', 'ブランチ管理の理解と実装ができる', NOW(), NOW()),
(148, 33, 3, 'マージ戦略', 'バージョン管理週4のマージ戦略について詳細に学習', 'マージ戦略の理解と実装ができる', NOW(), NOW()),
(149, 33, 4, 'チーム開発', 'バージョン管理週4のチーム開発について詳細に学習', 'チーム開発の理解と実装ができる', NOW(), NOW()),
(150, 33, 5, 'コードレビュー', 'バージョン管理週4のコードレビューについて詳細に学習', 'コードレビューの理解と実装ができる', NOW(), NOW()),
(151, 34, 1, '設計パターン', 'システム設計週1の設計パターンについて詳細に学習', '設計パターンの理解と実装ができる', NOW(), NOW()),
(152, 34, 2, 'アーキテクチャ', 'システム設計週1のアーキテクチャについて詳細に学習', 'アーキテクチャの理解と実装ができる', NOW(), NOW()),
(153, 34, 3, 'セキュリティ', 'システム設計週1のセキュリティについて詳細に学習', 'セキュリティの理解と実装ができる', NOW(), NOW()),
(154, 34, 4, 'パフォーマンス', 'システム設計週1のパフォーマンスについて詳細に学習', 'パフォーマンスの理解と実装ができる', NOW(), NOW()),
(155, 34, 5, 'スケーラビリティ', 'システム設計週1のスケーラビリティについて詳細に学習', 'スケーラビリティの理解と実装ができる', NOW(), NOW()),
(156, 35, 1, '設計パターン', 'システム設計週2の設計パターンについて詳細に学習', '設計パターンの理解と実装ができる', NOW(), NOW()),
(157, 35, 2, 'アーキテクチャ', 'システム設計週2のアーキテクチャについて詳細に学習', 'アーキテクチャの理解と実装ができる', NOW(), NOW()),
(158, 35, 3, 'セキュリティ', 'システム設計週2のセキュリティについて詳細に学習', 'セキュリティの理解と実装ができる', NOW(), NOW()),
(159, 35, 4, 'パフォーマンス', 'システム設計週2のパフォーマンスについて詳細に学習', 'パフォーマンスの理解と実装ができる', NOW(), NOW()),
(160, 35, 5, 'スケーラビリティ', 'システム設計週2のスケーラビリティについて詳細に学習', 'スケーラビリティの理解と実装ができる', NOW(), NOW()),
(161, 36, 1, '設計パターン', 'システム設計週3の設計パターンについて詳細に学習', '設計パターンの理解と実装ができる', NOW(), NOW()),
(162, 36, 2, 'アーキテクチャ', 'システム設計週3のアーキテクチャについて詳細に学習', 'アーキテクチャの理解と実装ができる', NOW(), NOW()),
(163, 36, 3, 'セキュリティ', 'システム設計週3のセキュリティについて詳細に学習', 'セキュリティの理解と実装ができる', NOW(), NOW()),
(164, 36, 4, 'パフォーマンス', 'システム設計週3のパフォーマンスについて詳細に学習', 'パフォーマンスの理解と実装ができる', NOW(), NOW()),
(165, 36, 5, 'スケーラビリティ', 'システム設計週3のスケーラビリティについて詳細に学習', 'スケーラビリティの理解と実装ができる', NOW(), NOW()),
(166, 37, 1, '設計パターン', 'システム設計週4の設計パターンについて詳細に学習', '設計パターンの理解と実装ができる', NOW(), NOW()),
(167, 37, 2, 'アーキテクチャ', 'システム設計週4のアーキテクチャについて詳細に学習', 'アーキテクチャの理解と実装ができる', NOW(), NOW()),
(168, 37, 3, 'セキュリティ', 'システム設計週4のセキュリティについて詳細に学習', 'セキュリティの理解と実装ができる', NOW(), NOW()),
(169, 37, 4, 'パフォーマンス', 'システム設計週4のパフォーマンスについて詳細に学習', 'パフォーマンスの理解と実装ができる', NOW(), NOW()),
(170, 37, 5, 'スケーラビリティ', 'システム設計週4のスケーラビリティについて詳細に学習', 'スケーラビリティの理解と実装ができる', NOW(), NOW()),
(171, 38, 1, 'CI/CD構築', '運用週1のCI/CD構築について詳細に学習', 'CI/CD構築の理解と実装ができる', NOW(), NOW()),
(172, 38, 2, 'Docker活用', '運用週1のDocker活用について詳細に学習', 'Docker活用の理解と実装ができる', NOW(), NOW()),
(173, 38, 3, 'クラウド運用', '運用週1のクラウド運用について詳細に学習', 'クラウド運用の理解と実装ができる', NOW(), NOW()),
(174, 38, 4, '監視設定', '運用週1の監視設定について詳細に学習', '監視設定の理解と実装ができる', NOW(), NOW()),
(175, 38, 5, '自動化', '運用週1の自動化について詳細に学習', '自動化の理解と実装ができる', NOW(), NOW()),
(176, 39, 1, 'CI/CD構築', '運用週2のCI/CD構築について詳細に学習', 'CI/CD構築の理解と実装ができる', NOW(), NOW()),
(177, 39, 2, 'Docker活用', '運用週2のDocker活用について詳細に学習', 'Docker活用の理解と実装ができる', NOW(), NOW()),
(178, 39, 3, 'クラウド運用', '運用週2のクラウド運用について詳細に学習', 'クラウド運用の理解と実装ができる', NOW(), NOW()),
(179, 39, 4, '監視設定', '運用週2の監視設定について詳細に学習', '監視設定の理解と実装ができる', NOW(), NOW()),
(180, 39, 5, '自動化', '運用週2の自動化について詳細に学習', '自動化の理解と実装ができる', NOW(), NOW()),
(181, 40, 1, 'CI/CD構築', '運用週3のCI/CD構築について詳細に学習', 'CI/CD構築の理解と実装ができる', NOW(), NOW()),
(182, 40, 2, 'Docker活用', '運用週3のDocker活用について詳細に学習', 'Docker活用の理解と実装ができる', NOW(), NOW()),
(183, 40, 3, 'クラウド運用', '運用週3のクラウド運用について詳細に学習', 'クラウド運用の理解と実装ができる', NOW(), NOW()),
(184, 40, 4, '監視設定', '運用週3の監視設定について詳細に学習', '監視設定の理解と実装ができる', NOW(), NOW()),
(185, 40, 5, '自動化', '運用週3の自動化について詳細に学習', '自動化の理解と実装ができる', NOW(), NOW()),
(186, 41, 1, 'CI/CD構築', '運用週4のCI/CD構築について詳細に学習', 'CI/CD構築の理解と実装ができる', NOW(), NOW()),
(187, 41, 2, 'Docker活用', '運用週4のDocker活用について詳細に学習', 'Docker活用の理解と実装ができる', NOW(), NOW()),
(188, 41, 3, 'クラウド運用', '運用週4のクラウド運用について詳細に学習', 'クラウド運用の理解と実装ができる', NOW(), NOW()),
(189, 41, 4, '監視設定', '運用週4の監視設定について詳細に学習', '監視設定の理解と実装ができる', NOW(), NOW()),
(190, 41, 5, '自動化', '運用週4の自動化について詳細に学習', '自動化の理解と実装ができる', NOW(), NOW()),
(191, 42, 1, '要件分析', 'プロジェクト週1の要件分析について詳細に学習', '要件分析の理解と実装ができる', NOW(), NOW()),
(192, 42, 2, '設計実装', 'プロジェクト週1の設計実装について詳細に学習', '設計実装の理解と実装ができる', NOW(), NOW()),
(193, 42, 3, 'テスト実行', 'プロジェクト週1のテスト実行について詳細に学習', 'テスト実行の理解と実装ができる', NOW(), NOW()),
(194, 42, 4, 'デプロイ', 'プロジェクト週1のデプロイについて詳細に学習', 'デプロイの理解と実装ができる', NOW(), NOW()),
(195, 42, 5, '評価改善', 'プロジェクト週1の評価改善について詳細に学習', '評価改善の理解と実装ができる', NOW(), NOW()),
(196, 43, 1, '要件分析', 'プロジェクト週2の要件分析について詳細に学習', '要件分析の理解と実装ができる', NOW(), NOW()),
(197, 43, 2, '設計実装', 'プロジェクト週2の設計実装について詳細に学習', '設計実装の理解と実装ができる', NOW(), NOW()),
(198, 43, 3, 'テスト実行', 'プロジェクト週2のテスト実行について詳細に学習', 'テスト実行の理解と実装ができる', NOW(), NOW()),
(199, 43, 4, 'デプロイ', 'プロジェクト週2のデプロイについて詳細に学習', 'デプロイの理解と実装ができる', NOW(), NOW()),
(200, 43, 5, '評価改善', 'プロジェクト週2の評価改善について詳細に学習', '評価改善の理解と実装ができる', NOW(), NOW()),
(201, 44, 1, '要件分析', 'プロジェクト週3の要件分析について詳細に学習', '要件分析の理解と実装ができる', NOW(), NOW()),
(202, 44, 2, '設計実装', 'プロジェクト週3の設計実装について詳細に学習', '設計実装の理解と実装ができる', NOW(), NOW()),
(203, 44, 3, 'テスト実行', 'プロジェクト週3のテスト実行について詳細に学習', 'テスト実行の理解と実装ができる', NOW(), NOW()),
(204, 44, 4, 'デプロイ', 'プロジェクト週3のデプロイについて詳細に学習', 'デプロイの理解と実装ができる', NOW(), NOW()),
(205, 44, 5, '評価改善', 'プロジェクト週3の評価改善について詳細に学習', '評価改善の理解と実装ができる', NOW(), NOW()),
(206, 45, 1, '要件分析', 'プロジェクト週4の要件分析について詳細に学習', '要件分析の理解と実装ができる', NOW(), NOW()),
(207, 45, 2, '設計実装', 'プロジェクト週4の設計実装について詳細に学習', '設計実装の理解と実装ができる', NOW(), NOW()),
(208, 45, 3, 'テスト実行', 'プロジェクト週4のテスト実行について詳細に学習', 'テスト実行の理解と実装ができる', NOW(), NOW()),
(209, 45, 4, 'デプロイ', 'プロジェクト週4のデプロイについて詳細に学習', 'デプロイの理解と実装ができる', NOW(), NOW()),
(210, 45, 5, '評価改善', 'プロジェクト週4の評価改善について詳細に学習', '評価改善の理解と実装ができる', NOW(), NOW()),
(211, 46, 1, '企画立案', '卒業制作週1の企画立案について詳細に学習', '企画立案の理解と実装ができる', NOW(), NOW()),
(212, 46, 2, '制作実装', '卒業制作週1の制作実装について詳細に学習', '制作実装の理解と実装ができる', NOW(), NOW()),
(213, 46, 3, '発表準備', '卒業制作週1の発表準備について詳細に学習', '発表準備の理解と実装ができる', NOW(), NOW()),
(214, 46, 4, '総合評価', '卒業制作週1の総合評価について詳細に学習', '総合評価の理解と実装ができる', NOW(), NOW()),
(215, 46, 5, '進路準備', '卒業制作週1の進路準備について詳細に学習', '進路準備の理解と実装ができる', NOW(), NOW()),
(216, 47, 1, '企画立案', '卒業制作週2の企画立案について詳細に学習', '企画立案の理解と実装ができる', NOW(), NOW()),
(217, 47, 2, '制作実装', '卒業制作週2の制作実装について詳細に学習', '制作実装の理解と実装ができる', NOW(), NOW()),
(218, 47, 3, '発表準備', '卒業制作週2の発表準備について詳細に学習', '発表準備の理解と実装ができる', NOW(), NOW()),
(219, 47, 4, '総合評価', '卒業制作週2の総合評価について詳細に学習', '総合評価の理解と実装ができる', NOW(), NOW()),
(220, 47, 5, '進路準備', '卒業制作週2の進路準備について詳細に学習', '進路準備の理解と実装ができる', NOW(), NOW()),
(221, 48, 1, '企画立案', '卒業制作週3の企画立案について詳細に学習', '企画立案の理解と実装ができる', NOW(), NOW()),
(222, 48, 2, '制作実装', '卒業制作週3の制作実装について詳細に学習', '制作実装の理解と実装ができる', NOW(), NOW()),
(223, 48, 3, '発表準備', '卒業制作週3の発表準備について詳細に学習', '発表準備の理解と実装ができる', NOW(), NOW()),
(224, 48, 4, '総合評価', '卒業制作週3の総合評価について詳細に学習', '総合評価の理解と実装ができる', NOW(), NOW()),
(225, 48, 5, '進路準備', '卒業制作週3の進路準備について詳細に学習', '進路準備の理解と実装ができる', NOW(), NOW()),
(226, 49, 1, '企画立案', '卒業制作週4の企画立案について詳細に学習', '企画立案の理解と実装ができる', NOW(), NOW()),
(227, 49, 2, '制作実装', '卒業制作週4の制作実装について詳細に学習', '制作実装の理解と実装ができる', NOW(), NOW()),
(228, 49, 3, '発表準備', '卒業制作週4の発表準備について詳細に学習', '発表準備の理解と実装ができる', NOW(), NOW()),
(229, 49, 4, '総合評価', '卒業制作週4の総合評価について詳細に学習', '総合評価の理解と実装ができる', NOW(), NOW()),
(230, 49, 5, '進路準備', '卒業制作週4の進路準備について詳細に学習', '進路準備の理解と実装ができる', NOW(), NOW());

-- SEQUENCE UPDATES
SELECT setval('months_id_seq', (SELECT MAX(id) FROM months));
SELECT setval('weeks_id_seq', (SELECT MAX(id) FROM weeks));  
SELECT setval('days_id_seq', (SELECT MAX(id) FROM days));
